{
	"build": {
		"dockerfile": "Dockerfile",
		"args": {
			"WORKSPACE": "${containerWorkspaceFolder}"
		}
	},
	"remoteUser": "root",
	"runArgs": [
		"--network=host",
		"--cap-add=SYS_PTRACE",
		"--security-opt=seccomp:unconfined",
		"--security-opt=apparmor:unconfined",
		"--volume=/tmp/.X11-unix:/tmp/.X11-unix",
		"--volume=/mnt/wslg:/mnt/wslg",
		"--ipc=host"
	],
	"containerEnv": {
		"DISPLAY": "${localEnv:DISPLAY}", 
		"WAYLAND_DISPLAY": "${localEnv:WAYLAND_DISPLAY}",
		"XDG_RUNTIME_DIR": "${localEnv:XDG_RUNTIME_DIR}",
		"PULSE_SERVER": "${localEnv:PULSE_SERVER}",
		"LIBGL_ALWAYS_SOFTWARE": "1" 
	},
	"customizations": {
		"vscode": {
			"extensions": [
				"althack.ament-task-provider",
				"betwo.b2-catkin-tools",
				"DotJoshJohnson.xml",
				"ms-azuretools.vscode-docker",
				"ms-iot.vscode-ros",
				"ms-python.python",
				"ms-vscode.cpptools",
				"redhat.vscode-yaml",
				"smilerobotics.urdf",
				"streetsidesoftware.code-spell-checker",
				"twxs.cmake",
				"yzhang.markdown-all-in-one",
				"zachflower.uncrustify"
			]
		}
	}
}