x,y,z,layer_group,layer_id,segment_id,seq
-0.2712984479240454,-0.5842179143441213,-0.16886557397671761,plane,0,0,0
-0.26148648874998287,-0.5841939293731626,-0.17092391788474706,plane,0,0,1
-0.25156534264994274,-0.5841826619170613,-0.17236269327960807,plane,0,0,2
-0.24156838850996593,-0.5841785429592918,-0.17312403409711002,plane,0,0,3
-0.23155442782984723,-0.5841933658222086,-0.17360044578713876,plane,0,0,4
-0.22153058660488778,-0.5841999530396367,-0.17378329002284304,plane,0,0,5
-0.21150559724399876,-0.584200105275217,-0.17368207083718296,plane,0,0,6
-0.20148235687911076,-0.5841934358424393,-0.17346739808136769,plane,0,0,7
-0.19145827653597014,-0.5841845713974904,-0.17331109025268437,plane,0,0,8
-0.1814340840381973,-0.5841998502096294,-0.1734859099819839,plane,0,0,9
-0.17141811244394015,-0.584221384654696,-0.1739159030633856,plane,0,0,10
-0.1614225643167075,-0.5842570731087461,-0.1746915952865465,plane,0,0,11
-0.1514247093819016,-0.5842853170963574,-0.17543493595878976,plane,0,0,12
-0.14141313135930975,-0.5843415369983685,-0.175957418999547,plane,0,0,13
-0.1313892029401928,-0.5843664548999968,-0.17614033143031116,plane,0,0,14
-0.12136483898601065,-0.5843559880184948,-0.17628271225723618,plane,0,0,15
-0.11134424103906093,-0.5843238054661011,-0.17660059764598254,plane,0,0,16
-0.10134008871173676,-0.5841613608473911,-0.17722257800169836,plane,0,0,17
-0.09139378066927419,-0.5841041761584341,-0.17848382233528864,plane,0,0,18
-0.08149070825098562,-0.5838187510283442,-0.1800200927797702,plane,0,0,19
-0.07159108966719067,-0.5835263791839876,-0.18156113172085245,plane,0,0,20
-0.06158325731539263,-0.5838621383713368,-0.1820961661227113,plane,0,0,21
-0.05157708561715511,-0.5843023270928607,-0.18164729541709773,plane,0,0,22
-0.04159501182263926,-0.5851745911272802,-0.181308607191385,plane,0,0,23
-0.03159510824466265,-0.5857922549797187,-0.18172041618371942,plane,0,0,24
-0.02159763282529241,-0.58574690741959,-0.18103423118793333,plane,0,0,25
-0.011687602311756654,-0.5851082147243999,-0.1796285675496296,plane,0,0,26
-0.0016987468529927018,-0.5847473921453209,-0.1788871802187554,plane,0,0,27
0.00828025991594437,-0.5843907510755646,-0.17798707759955007,plane,0,0,28
0.018268007246032912,-0.5842875236343504,-0.17712710292734762,plane,0,0,29
0.02827015518330733,-0.5843033688821059,-0.17644286778344537,plane,0,0,30
0.038271171841827094,-0.5843833742688641,-0.17574524408272546,plane,0,0,31
0.048289389333605034,-0.5843936615900401,-0.1753700037585465,plane,0,0,32
0.0583125872629396,-0.5844292170925269,-0.1751529154766021,plane,0,0,33
0.06833784369370431,-0.5844146934843432,-0.17509682351139685,plane,0,0,34
0.07836250833610503,-0.5843921053639625,-0.17496951010755846,plane,0,0,35
0.08838485871055594,-0.5843391449510216,-0.17472454899339632,plane,0,0,36
0.09840557200254167,-0.5843015762388065,-0.17441750566473488,plane,0,0,37
0.10842702053610184,-0.5842835745819628,-0.1741334402235428,plane,0,0,38
0.11844926175387968,-0.5842815435443234,-0.17387871391445797,plane,0,0,39
0.12846707066904703,-0.5842826315068136,-0.17348722844561798,plane,0,0,40
0.13845518327749332,-0.584282659087183,-0.17261990647825215,plane,0,0,41
0.14835681814076873,-0.5842719994873269,-0.17105095616687008,plane,0,0,42
0.15818380526570106,-0.5842279995029095,-0.1690660304494594,plane,0,0,43
0.16799173221518318,-0.5841349758220152,-0.16699088488397137,plane,0,0,44
0.17489422332516785,-0.5340770263070235,-0.16694876318730376,plane,0,1,0
0.16495025334069713,-0.5340778944769216,-0.1690354336424414,plane,0,1,1
0.15495700852366245,-0.5340880494187509,-0.17087242171748274,plane,0,1,2
0.14494407794000122,-0.534077065492532,-0.17259707262187657,plane,0,1,3
0.13484520439339465,-0.5340659900068003,-0.17371718788172757,plane,0,1,4
0.12469655340752774,-0.5340547673831423,-0.17420793683787522,plane,0,1,5
0.11453596117170256,-0.5340682249340859,-0.17424631021664955,plane,0,1,6
0.10437537137908218,-0.5340785739442182,-0.1742367021077183,plane,0,1,7
0.09421595771294795,-0.5340648410959973,-0.1743872269443022,plane,0,1,8
0.08406625891047109,-0.534034395671278,-0.17485809820423404,plane,0,1,9
0.07392308134975989,-0.5339719533715045,-0.1754495346865486,plane,0,1,10
0.06377711788712688,-0.5339155567056092,-0.17599094371023374,plane,0,1,11
0.053620086932676975,-0.5338951946084881,-0.176261642224358,plane,0,1,12
0.04345969259354677,-0.5339201854970598,-0.17631788714941588,plane,0,1,13
0.03330017128410861,-0.533928827031179,-0.1761695379647416,plane,0,1,14
0.023140034342800802,-0.5338899411174142,-0.1760788450445899,plane,0,1,15
0.012980763311646255,-0.5338069229367841,-0.1762136700920162,plane,0,1,16
0.0028432776603117198,-0.533687357390304,-0.1768890267450009,plane,0,1,17
-0.007265591712751824,-0.533440408113721,-0.1778825960386486,plane,0,1,18
-0.017374891820448244,-0.5330982792094808,-0.17884261130528775,plane,0,1,19
-0.027512115207445127,-0.5328483434683615,-0.1794863505846994,plane,0,1,20
-0.037669231464538044,-0.5328218176791945,-0.1797562835402951,plane,0,1,21
-0.04782403728064653,-0.5330887169928368,-0.17954365920771564,plane,0,1,22
-0.057961204488642885,-0.5333952444104143,-0.1789234310852113,plane,0,1,23
-0.06807484889826829,-0.5337551774749757,-0.17801617596225294,plane,0,1,24
-0.0782017210588415,-0.5339670627614779,-0.17721953794145803,plane,0,1,25
-0.08834001792066552,-0.5340598867237505,-0.1765476659905971,plane,0,1,26
-0.09849836220047987,-0.5341418903302079,-0.17636923988856323,plane,0,1,27
-0.10865890955633262,-0.5341670817000215,-0.17642252217048018,plane,0,1,28
-0.11881823743155384,-0.5341744680769994,-0.17658107022026576,plane,0,1,29
-0.1289774245476497,-0.5341662629298756,-0.17675142901389873,plane,0,1,30
-0.13913792041655704,-0.5341179121542272,-0.17674565962548439,plane,0,1,31
-0.14929598650588707,-0.5340542670334365,-0.1765290715884054,plane,0,1,32
-0.15945289826489947,-0.5340225844531863,-0.17625590707524708,plane,0,1,33
-0.16960450236995017,-0.5339541543405926,-0.17583462968857824,plane,0,1,34
-0.17975053231799776,-0.53392312848574,-0.1752905323238293,plane,0,1,35
-0.1899024295695153,-0.5339178937792037,-0.17487272318373567,plane,0,1,36
-0.20005798231312888,-0.5339271427731871,-0.17454735127584095,plane,0,1,37
-0.21021822961444037,-0.5339466536298715,-0.17448674314533869,plane,0,1,38
-0.22037873909291797,-0.5339581993592084,-0.1744411351868015,plane,0,1,39
-0.2305385782017331,-0.5339741905485019,-0.17431297815804095,plane,0,1,40
-0.24068676151560786,-0.5339842297361848,-0.1738127959972518,plane,0,1,41
-0.2507849594663707,-0.5339841106528378,-0.17268620393124529,plane,0,1,42
-0.2607671224457901,-0.5339567292396057,-0.17079330640869683,plane,0,1,43
-0.27062519945700564,-0.5339246367112548,-0.16833219368272906,plane,0,1,44
-0.3010406362948569,-0.5005406606174305,-0.15323121461967715,remain,0,0,0
-0.29197811694820214,-0.5007700058863185,-0.15840906296660626,remain,0,0,1
-0.2824072403364969,-0.5008075796918015,-0.16250571940312955,remain,0,0,2
-0.27208628030142906,-0.5007293925571864,-0.16420559113716934,remain,0,0,3
-0.26172200436825305,-0.5009856025389474,-0.16406145493943775,remain,0,0,4
-0.25118461012605287,-0.501335291077126,-0.16299175382563358,remain,0,0,5
-0.24121902101134646,-0.5005839243918119,-0.1637270176882837,remain,0,0,6
-0.23629626697748785,-0.4937095166807729,-0.17066795280331673,remain,0,0,7
-0.229849300925954,-0.48864329633677106,-0.17572630022857336,remain,0,0,8
-0.2189993455498533,-0.48869798058962066,-0.17545309223756067,remain,0,0,9
-0.20868825641359987,-0.48836029313175283,-0.175778527112889,remain,0,0,10
-0.19830247844948654,-0.48970995249797344,-0.1756459572928997,remain,0,0,11
-0.1879598126476771,-0.49085867286682416,-0.17554504010327818,remain,0,0,12
-0.1776026580977941,-0.491956572983697,-0.1753316762543886,remain,0,0,13
-0.16727652290291095,-0.4932720339080778,-0.17492100384434722,remain,0,0,14
-0.15684897500464956,-0.4926341593266992,-0.1751949299044084,remain,0,0,15
-0.14646904653792678,-0.4917649838476464,-0.17554858809001397,remain,0,0,16
-0.13607168294840147,-0.49081082989870695,-0.17577249914794077,remain,0,0,17
-0.12568258963628648,-0.49046692946931403,-0.17580839377179258,remain,0,0,18
-0.1152707794012983,-0.4912910997246202,-0.1754292681291799,remain,0,0,19
-0.10487214992998,-0.4920323812708488,-0.17514080758499367,remain,0,0,20
-0.09448483256422081,-0.4929638189702733,-0.1748828055413634,remain,0,0,21
-0.08410261552119411,-0.49402034656120686,-0.17453976187185324,remain,0,0,22
-0.07367713150149703,-0.49411600698043395,-0.1746149590554656,remain,0,0,23
-0.06326931804392003,-0.49475504147996396,-0.17449111953104726,remain,0,0,24
-0.052845975035297595,-0.49477130926842844,-0.17462959868807093,remain,0,0,25
-0.04241515775924361,-0.494807353377447,-0.1749012206488889,remain,0,0,26
-0.031990095426654375,-0.49516372551493104,-0.17511473552781995,remain,0,0,27
-0.02157115570456376,-0.49486830356825534,-0.1755646851409271,remain,0,0,28
-0.011186661700904661,-0.4940494194776436,-0.1761443540445187,remain,0,0,29
-0.0007560522510395541,-0.494098715869488,-0.17641040202431013,remain,0,0,30
0.009667383582185239,-0.49447196312812214,-0.17644487302501533,remain,0,0,31
0.02006127591363047,-0.4936300545272783,-0.17689066946104282,remain,0,0,32
0.030449570411099372,-0.4927750667356701,-0.1772603140088114,remain,0,0,33
0.04087831223551094,-0.4931199449317334,-0.17713467508503858,remain,0,0,34
0.05130578227777845,-0.4933346926248311,-0.17696411583290927,remain,0,0,35
0.06170821438219248,-0.4924640157185692,-0.1769646608060865,remain,0,0,36
0.07208112955366727,-0.49167355359609954,-0.1768952027041407,remain,0,0,37
0.08242893413181288,-0.49303781149535425,-0.17659632591194915,remain,0,0,38
0.09285921668804906,-0.4932339512458285,-0.17642243635430754,remain,0,0,39
0.10322144242090207,-0.49443881709810394,-0.17612464857217483,remain,0,0,40
0.11360752270161693,-0.49552450841200596,-0.17587135471993293,remain,0,0,41
0.12388336827201504,-0.4969379024556112,-0.17545118754770558,remain,0,0,42
0.13442148687508235,-0.4982813489426666,-0.17508365474325868,remain,0,0,43
0.1435282212359445,-0.5012482280923128,-0.17311003986637516,remain,0,0,44
0.14942903780106148,-0.5082588216607442,-0.16742515038269856,remain,0,0,45
0.15881332129092104,-0.5107457568539517,-0.16409693130697967,remain,0,0,46
0.16932552540100904,-0.5108646695138146,-0.1644549477538882,remain,0,0,47
0.17968261385129422,-0.511169914392599,-0.1640145154007609,remain,0,0,48
0.1899748557692446,-0.5117914938302722,-0.16212628713079083,remain,0,0,49
0.19954141556816718,-0.5124045754195055,-0.15811661245169958,remain,0,0,50
0.20874286992502628,-0.5127962686406345,-0.1531917133352956,remain,0,0,51
0.20985664399812257,-0.5603073449521498,-0.15355709777703405,remain,0,1,0
0.19968569071615086,-0.5599869179809845,-0.15925452610987315,remain,0,1,1
0.18896982005767107,-0.5598523584714501,-0.16384982582052335,remain,0,1,2
0.17802550528357688,-0.5597309445258506,-0.1679021420537048,remain,0,1,3
0.16673943429963592,-0.5594489270734126,-0.17080039997982457,remain,0,1,4
0.15527513907347648,-0.559070659392232,-0.17288119822598216,remain,0,1,5
0.14371318862549406,-0.5589296810472092,-0.17519083628361984,remain,0,1,6
0.13291075820019835,-0.5585707906834573,-0.17505536359715249,remain,0,1,7
0.12417544790609097,-0.5580562297581176,-0.16657921697700806,remain,0,1,8
0.11333187372749377,-0.5577937418520101,-0.1628028353223976,remain,0,1,9
0.101734782928036,-0.5575698851438541,-0.16108539479053643,remain,0,1,10
0.09008855394027324,-0.5573041413349784,-0.1611957672045915,remain,0,1,11
0.07842706387376107,-0.5570193066684483,-0.1611044890674938,remain,0,1,12
0.06680385088484017,-0.5567628932828624,-0.16135239712756802,remain,0,1,13
0.05518946023189366,-0.5564533603503723,-0.1621219327419761,remain,0,1,14
0.04358900218689346,-0.556264241616631,-0.16323122490667838,remain,0,1,15
0.03206899794199144,-0.5559104907991891,-0.16511823551611418,remain,0,1,16
0.021084798328148743,-0.5545791229433142,-0.16798870262270404,remain,0,1,17
0.013573588848886802,-0.5504778000508147,-0.17669702895402276,remain,0,1,18
0.005441378416809468,-0.5528893382727429,-0.1839362295996427,remain,0,1,19
-0.005484318228369628,-0.5556442033907959,-0.18559502492333327,remain,0,1,20
-0.017237529563150857,-0.5549432789167538,-0.1855157637224818,remain,0,1,21
-0.028875414016930855,-0.5544905229437231,-0.18553925004532448,remain,0,1,22
-0.04053748129572136,-0.5541854178161829,-0.18559800289827152,remain,0,1,23
-0.052197724447937834,-0.5539072108160333,-0.18567660627377355,remain,0,1,24
-0.06386829137150071,-0.5535930804886349,-0.1856426787327484,remain,0,1,25
-0.07545795787360542,-0.5532847650798708,-0.18503138168679947,remain,0,1,26
-0.08738268500391086,-0.5532233145937036,-0.18538971730220674,remain,0,1,27
-0.09700584549015762,-0.5520338588073264,-0.18040156485350153,remain,0,1,28
-0.10591641293040227,-0.5508384918096159,-0.17270266793553796,remain,0,1,29
-0.1176117003992752,-0.550674547967711,-0.17090555345191016,remain,0,1,30
-0.12839344078345158,-0.5488363417576798,-0.1742609684948024,remain,0,1,31
-0.1398441527120468,-0.5476164195880578,-0.1768927466761314,remain,0,1,32
-0.14482189663324554,-0.5406705968838365,-0.184001950261301,remain,0,1,33
-0.14781109796060177,-0.5320992807294321,-0.19298427444631017,remain,0,1,34
-0.1583117131786244,-0.531394428306124,-0.1943997831686714,remain,0,1,35
-0.1652463945382013,-0.5367791836309171,-0.186857639153803,remain,0,1,36
-0.16611738167062162,-0.5437571515513493,-0.17504547000906598,remain,0,1,37
-0.1676957684123268,-0.549468153339492,-0.16439978983667375,remain,0,1,38
-0.17636178275697206,-0.5511885908724805,-0.16032356287742092,remain,0,1,39
-0.18738805078919088,-0.5498607270529002,-0.16594836252094156,remain,0,1,40
-0.1973986923184044,-0.5498276849273595,-0.1660407893242921,remain,0,1,41
-0.2090727512492355,-0.5500797790128309,-0.16375536927568707,remain,0,1,42
-0.2192928553619713,-0.54946300367354,-0.1687161104871778,remain,0,1,43
-0.2288119590902624,-0.5489949244116145,-0.17658280761524,remain,0,1,44
-0.23951530978853242,-0.5488026988970597,-0.1831389683892975,remain,0,1,45
-0.2502482577408705,-0.5485460176539548,-0.18263589432268765,remain,0,1,46
-0.2604123962503524,-0.548350742855082,-0.17659179262581418,remain,0,1,47
-0.27061610484178467,-0.5482315608935715,-0.17098968254710672,remain,0,1,48
-0.28070904667101126,-0.5481409017443126,-0.16514263569215093,remain,0,1,49
-0.2907497604521632,-0.548104014366699,-0.15920399910456307,remain,0,1,50
-0.3007627688163824,-0.5480766865100973,-0.15322015757832752,remain,0,1,51
-0.2986394174400796,-0.5953741186849731,-0.15408170691638942,remain,0,2,0
-0.2890542282703237,-0.5960480549936423,-0.16069160389107945,remain,0,2,1
-0.27917887433972477,-0.5966959320697083,-0.1668316217283941,remain,0,2,2
-0.26797970112722364,-0.597500641052074,-0.1702281314461204,remain,0,2,3
-0.25695648094151635,-0.5973660098738702,-0.16759656612872234,remain,0,2,4
-0.24644667408666668,-0.5969788487066153,-0.16136323135981398,remain,0,2,5
-0.23532502074117162,-0.5970793120349844,-0.15987620119720236,remain,0,2,6
-0.22682234299680154,-0.6007753230949326,-0.1665209477418985,remain,0,2,7
-0.22520544050804941,-0.6119832463403921,-0.17282163257606897,remain,0,2,8
-0.22521888342623392,-0.6250098212900795,-0.17738471068527423,remain,0,2,9
-0.22071309959756535,-0.6332599128746675,-0.17958136799276542,remain,0,2,10
-0.2090507994585548,-0.6343073054261332,-0.17928114614106155,remain,0,2,11
-0.19767659644990884,-0.6365046648396443,-0.17836533145489192,remain,0,2,12
-0.18599530254416138,-0.636756857028678,-0.17824527486750757,remain,0,2,13
-0.17437469242397918,-0.6366416622074781,-0.17820809603151186,remain,0,2,14
-0.16279744658645598,-0.6361263728820156,-0.17854514159554744,remain,0,2,15
-0.1511154615163569,-0.6363705673069844,-0.17854709610428232,remain,0,2,16
-0.13950864967947785,-0.6361144883465061,-0.17887569382999138,remain,0,2,17
-0.1279329163225424,-0.6354684110422908,-0.17921875376422733,remain,0,2,18
-0.12249846059156334,-0.6251529631162488,-0.1790547295993567,remain,0,2,19
-0.1172955185365019,-0.6143436025647845,-0.17858771267259482,remain,0,2,20
-0.10601295326727843,-0.6124809382750156,-0.17787232123829966,remain,0,2,21
-0.09479257361756548,-0.6098190042226219,-0.1762305423053616,remain,0,2,22
-0.08310918581085892,-0.609507472392973,-0.17625051431280614,remain,0,2,23
-0.07150520093848146,-0.6101818488688396,-0.17685436061046955,remain,0,2,24
-0.05983890533417092,-0.6099180491398942,-0.17650968128700983,remain,0,2,25
-0.04823903064979873,-0.6091190805535411,-0.17565915495368092,remain,0,2,26
-0.03671330536977623,-0.6082454823078605,-0.1742720674219372,remain,0,2,27
-0.02518954961588766,-0.6072762936585736,-0.17205401349171975,remain,0,2,28
-0.013797558199448532,-0.6083367343069922,-0.1732307455139247,remain,0,2,29
-0.0022114197589138745,-0.6092829918735159,-0.1727042191301672,remain,0,2,30
0.00954876188580352,-0.6100545989167475,-0.17334990144640455,remain,0,2,31
0.017717530063170846,-0.6176966862836551,-0.17566796989939423,remain,0,2,32
0.02177955686813042,-0.630018900759025,-0.17695224729914552,remain,0,2,33
0.03012776923080216,-0.6343049271499923,-0.17754629826472576,remain,0,2,34
0.04215879026801548,-0.6337346039882769,-0.17737163184550722,remain,0,2,35
0.05373851311037679,-0.634471262467313,-0.1771276783122945,remain,0,2,36
0.06532177595160564,-0.6330762264677497,-0.17759187233241805,remain,0,2,37
0.07696699701718178,-0.6333569389880804,-0.1775957350196277,remain,0,2,38
0.08857291109548837,-0.6320669221712244,-0.17792933927539073,remain,0,2,39
0.09997833325404008,-0.629917808130332,-0.17814882293406803,remain,0,2,40
0.11127514393079954,-0.626800783267269,-0.17812362372744375,remain,0,2,41
0.12216329711589623,-0.6235891610688649,-0.17717972777415972,remain,0,2,42
0.13088788267112372,-0.6160880269962388,-0.1745611079954713,remain,0,2,43
0.1408410090339575,-0.6114340735356388,-0.17061197008228918,remain,0,2,44
0.15084743251008578,-0.6079566494281908,-0.165877775919981,remain,0,2,45
0.16238635075817928,-0.6073801663039835,-0.16403171137508177,remain,0,2,46
0.17402322992421324,-0.6075142906408204,-0.16348966575440665,remain,0,2,47
0.18557761588743749,-0.6075420135655863,-0.16195717137357396,remain,0,2,48
0.19679772132430123,-0.6074849444508085,-0.15877515360686267,remain,0,2,49
0.20741764340385074,-0.6074504374320153,-0.1539726775226311,remain,0,2,50
-0.3414752215685719,-0.4763262873426669,-0.11837913571990205,remain,1,0,0
-0.333707369187619,-0.47617033104424455,-0.12532127346262836,remain,1,0,1
-0.32605933239596324,-0.4756955177497037,-0.13239044628796026,remain,1,0,2
-0.31764057986059463,-0.4741891885303493,-0.13833495428773915,remain,1,0,3
-0.3082607163879874,-0.47259102102491163,-0.14248174146300752,remain,1,0,4
-0.29766948506897783,-0.471846434563968,-0.14446046617244987,remain,1,0,5
-0.28843658952264833,-0.4684061762975262,-0.14563414458685545,remain,1,0,6
-0.28215983188753163,-0.4600365657265815,-0.14690019324273423,remain,1,0,7
-0.2748005152334965,-0.4523831125049159,-0.14617060261482084,remain,1,0,8
-0.2652967980028908,-0.44838745725556883,-0.14476038976040506,remain,1,0,9
-0.25486139082527026,-0.44779648427232993,-0.14481666149312525,remain,1,0,10
-0.2444749091764251,-0.44818664838077943,-0.14534700794546287,remain,1,0,11
-0.23404912879603984,-0.44806807109324587,-0.1452518871167409,remain,1,0,12
-0.22362829138107462,-0.4481458080632889,-0.14537816324539804,remain,1,0,13
-0.21321193324813606,-0.4483957673119305,-0.14552403735630481,remain,1,0,14
-0.20283692885133356,-0.44905694797812273,-0.14590510537812076,remain,1,0,15
-0.19245809719001084,-0.44806995939132827,-0.14534487783110736,remain,1,0,16
-0.18210901365879986,-0.44702510831459885,-0.144730921028542,remain,1,0,17
-0.1717232998884458,-0.4463911910454495,-0.14436502962155814,remain,1,0,18
-0.16129487059663583,-0.4464865268346957,-0.1445431911653856,remain,1,0,19
-0.15088724928630193,-0.44688281730839974,-0.14468991896993347,remain,1,0,20
-0.14050776886545602,-0.447795923700348,-0.14489836480856183,remain,1,0,21
-0.130099255829972,-0.4482716313100426,-0.14459746971968326,remain,1,0,22
-0.11970081924366863,-0.4489507316091064,-0.1444747193814043,remain,1,0,23
-0.10930160018500457,-0.4496188770660385,-0.14456671679433422,remain,1,0,24
-0.09888501085994551,-0.4499868557431422,-0.14450283001521097,remain,1,0,25
-0.08846478030335685,-0.44998752630939204,-0.14440049497310486,remain,1,0,26
-0.07804660063380414,-0.44994476529811606,-0.14458185815867025,remain,1,0,27
-0.06762789871545859,-0.4499577952770033,-0.1447667185848607,remain,1,0,28
-0.05720488271318959,-0.4498100595367347,-0.1447435044311584,remain,1,0,29
-0.04679751506576108,-0.44941726366850987,-0.14443904089702264,remain,1,0,30
-0.036409246768048825,-0.44871541887141553,-0.14397317110219243,remain,1,0,31
-0.026008215881616725,-0.4482085589275078,-0.14349314230278096,remain,1,0,32
-0.015591840382523776,-0.44830254107383427,-0.14346538155751262,remain,1,0,33
-0.005167905878647517,-0.4484090502910207,-0.1435826242153357,remain,1,0,34
0.005226345009670284,-0.448968408342713,-0.1440745541833195,remain,1,0,35
0.015637550797693123,-0.4491623882404482,-0.14403913545959535,remain,1,0,36
0.026050600448880277,-0.44948707925731335,-0.1437459021093571,remain,1,0,37
0.03645974443183913,-0.4500009876452534,-0.14355765337882895,remain,1,0,38
0.04684745192300341,-0.4508069124416881,-0.14350993071912715,remain,1,0,39
0.05722359889540832,-0.4517948325872245,-0.14340420726090855,remain,1,0,40
0.06756407193071096,-0.4530847726669442,-0.1434177701168525,remain,1,0,41
0.07793634800228715,-0.45409498705102946,-0.14346815474248556,remain,1,0,42
0.08827731915202876,-0.4553271573374792,-0.1438608249163885,remain,1,0,43
0.0986769997887172,-0.4559564459609082,-0.14400382474801,remain,1,0,44
0.10909627139031017,-0.456188317082173,-0.14405698740106918,remain,1,0,45
0.11951620779773092,-0.4560687265290231,-0.14419292945410508,remain,1,0,46
0.12992996264672835,-0.45642011208344735,-0.14437317654689194,remain,1,0,47
0.14034526167796915,-0.4561589368287993,-0.14415792426860893,remain,1,0,48
0.15075366431222675,-0.45668923118579685,-0.14429472411036856,remain,1,0,49
0.16117039051617205,-0.45669894184026133,-0.14401415485088484,remain,1,0,50
0.1715302944557402,-0.4578569759350346,-0.14398044608952254,remain,1,0,51
0.18186505719348672,-0.4591963821777173,-0.14387627480313905,remain,1,0,52
0.1919374436542379,-0.46179857772536187,-0.14331699773510606,remain,1,0,53
0.20172001811184181,-0.4653169465222507,-0.14224163892083008,remain,1,0,54
0.21161628270524435,-0.46780377253209227,-0.1402494259293103,remain,1,0,55
0.22124319097368536,-0.469868236515876,-0.13685420998195083,remain,1,0,56
0.2300021032826089,-0.47269338813752976,-0.1319518983633456,remain,1,0,57
0.23830731424399237,-0.4745341421404392,-0.12593387308256332,remain,1,0,58
0.24611539498985413,-0.47545526345046624,-0.11909934126418585,remain,1,0,59
0.24594456905888554,-0.5217094333111666,-0.1213190976144942,remain,1,1,0
0.23762081791609435,-0.5220458975301014,-0.1301257580648269,remain,1,1,1
0.2290136125345362,-0.5222807610817222,-0.13865855177816364,remain,1,1,2
0.21986391139980194,-0.5221810319054304,-0.14661636879148002,remain,1,1,3
0.21058212030892756,-0.5222981508065246,-0.1544168918111991,remain,1,1,4
0.19971414957456865,-0.5211612008798397,-0.1596310661024652,remain,1,1,5
0.18714278364440398,-0.5205305103813126,-0.1591292041364142,remain,1,1,6
0.17566898574369977,-0.5208522863918905,-0.15261364097279578,remain,1,1,7
0.16604869695545793,-0.5218074604767174,-0.14366920271143288,remain,1,1,8
0.15561568907317844,-0.5219121753281285,-0.1419580604609669,remain,1,1,9
0.14685813561788294,-0.5174387618484402,-0.14921141174417102,remain,1,1,10
0.14482272226543055,-0.5061561543802712,-0.15705186481967723,remain,1,1,11
0.14475003231705777,-0.4932208332234869,-0.16358398031747165,remain,1,1,12
0.14108944652450872,-0.48435588944407926,-0.1675077128538131,remain,1,1,13
0.12990160757447963,-0.4832221668994632,-0.16800828244988833,remain,1,1,14
0.11790368398398529,-0.481088186704968,-0.16767513277243815,remain,1,1,15
0.10579122576620888,-0.4806031809540239,-0.16763546684145328,remain,1,1,16
0.09385437553568968,-0.47845488034081585,-0.16738777610207262,remain,1,1,17
0.08201613963866942,-0.47590891965513044,-0.16695833718655034,remain,1,1,18
0.070169082252244,-0.47338260839473917,-0.166719540432372,remain,1,1,19
0.0581135177675845,-0.472009075103095,-0.16694118619136245,remain,1,1,20
0.04610354433294494,-0.47141783497227435,-0.16730587749937592,remain,1,1,21
0.034063682993169225,-0.47298910691829443,-0.16829063562166383,remain,1,1,22
0.02198598984586287,-0.4724095983990036,-0.16858447616991204,remain,1,1,23
0.010289478245164765,-0.4692612102072715,-0.16790875931913335,remain,1,1,24
-0.0015722065043798966,-0.46695737971761914,-0.1670854088175719,remain,1,1,25
-0.013533210984001147,-0.46517997088086366,-0.1662180584850256,remain,1,1,26
-0.025649517411220443,-0.4655608387288638,-0.16647746062888744,remain,1,1,27
-0.037752217646707935,-0.46649256411555284,-0.16684293148618856,remain,1,1,28
-0.04939533569183294,-0.4697040896189669,-0.16811803713725523,remain,1,1,29
-0.06125143197846172,-0.47024047254761514,-0.1684275563828869,remain,1,1,30
-0.07332345042852433,-0.47114041008290825,-0.1686960073923932,remain,1,1,31
-0.08543698008536559,-0.4711331427851863,-0.1685162389801718,remain,1,1,32
-0.09751952036053801,-0.4700561766159117,-0.1682722798669044,remain,1,1,33
-0.10932940654106538,-0.46750785109594456,-0.16749282737136278,remain,1,1,34
-0.12138852515375077,-0.466446785925216,-0.1674486612155344,remain,1,1,35
-0.1334993174278643,-0.4663763974431353,-0.1679306752963757,remain,1,1,36
-0.14556548807811237,-0.46755173836946096,-0.16884375549201508,remain,1,1,37
-0.15751541009688658,-0.4676118352646943,-0.16915079563253457,remain,1,1,38
-0.16958036921184277,-0.4667355542486391,-0.16879713861777565,remain,1,1,39
-0.18157849622835603,-0.46573783985641254,-0.16819662007018696,remain,1,1,40
-0.1935588836069712,-0.46560523368326046,-0.16812354096202828,remain,1,1,41
-0.20560887519053228,-0.46692886854946514,-0.16862450575994523,remain,1,1,42
-0.21795124864871696,-0.46755487990738576,-0.16913098221481535,remain,1,1,43
-0.2280996200469701,-0.4702204971251478,-0.16851115822411303,remain,1,1,44
-0.2311624025892451,-0.4800814075323526,-0.16447342349796945,remain,1,1,45
-0.23031857057762894,-0.4939509105244608,-0.15840085856421848,remain,1,1,46
-0.22931968275922945,-0.5080477823501465,-0.1519360850560907,remain,1,1,47
-0.23191729788115434,-0.5185907992580837,-0.1467217246068163,remain,1,1,48
-0.241486074845364,-0.5221563861644366,-0.14447240379849857,remain,1,1,49
-0.2544035688353117,-0.52196499061176,-0.14794375349182873,remain,1,1,50
-0.2663783064872302,-0.5219308736683307,-0.1559780363342826,remain,1,1,51
-0.2773239185698607,-0.5220206583835193,-0.16368875184802978,remain,1,1,52
-0.28725349479564255,-0.5221075412853193,-0.16610512466185984,remain,1,1,53
-0.29637854839510946,-0.5220053280521886,-0.15959393016614631,remain,1,1,54
-0.3058688627571968,-0.5217919982417286,-0.1520833756418488,remain,1,1,55
-0.3148326998722315,-0.5219821472398003,-0.14390321568962183,remain,1,1,56
-0.3237548998321814,-0.522501564884422,-0.13570870918181258,remain,1,1,57
-0.33263660856663846,-0.522983463206903,-0.12747033404226563,remain,1,1,58
-0.3413883609756202,-0.5233781879751109,-0.11909029667104204,remain,1,1,59
-0.339617545684585,-0.5700589505919202,-0.11805064696832092,remain,1,2,0
-0.3300564483094803,-0.5705803383721282,-0.12725411093535027,remain,1,2,1
-0.32067208082502163,-0.5715918537468173,-0.13660188912605678,remain,1,2,2
-0.31131244291400123,-0.572246342844902,-0.14600574871558558,remain,1,2,3
-0.30186415694656354,-0.5726022591628953,-0.15534527946114987,remain,1,2,4
-0.29256737814342876,-0.5732179519147726,-0.16490517665961263,remain,1,2,5
-0.28312289737838425,-0.5725128037374919,-0.1703728455782309,remain,1,2,6
-0.2719196802913077,-0.5715793507228644,-0.16542128026595285,remain,1,2,7
-0.2594049452220321,-0.5708463367005694,-0.15563922856855988,remain,1,2,8
-0.24608087926090805,-0.5707136481976546,-0.14689320606843276,remain,1,2,9
-0.23246697981434036,-0.5715954663941791,-0.14501297612010533,remain,1,2,10
-0.22190417055675885,-0.5762316963020894,-0.1497130745885047,remain,1,2,11
-0.21849725338977558,-0.5878115312852206,-0.1536559552055778,remain,1,2,12
-0.2196637511811403,-0.6037543751428764,-0.15629731667167185,remain,1,2,13
-0.22228360133076988,-0.6210179241009456,-0.15770243240480905,remain,1,2,14
-0.2232367412385808,-0.636559874385316,-0.1579365758230114,remain,1,2,15
-0.21940310830448984,-0.6473379222218762,-0.15706502034430092,remain,1,2,16
-0.208199432446137,-0.6507397632130318,-0.15534966057711336,remain,1,2,17
-0.19477568052676594,-0.6507731748094794,-0.15528897786086643,remain,1,2,18
-0.18157960479146715,-0.6503046707211898,-0.15633581642164018,remain,1,2,19
-0.1684338681950528,-0.6499378398055532,-0.15747082530492237,remain,1,2,20
-0.1551890497483291,-0.6499155961351769,-0.15840914355687638,remain,1,2,21
-0.14198612643238992,-0.64983453820075,-0.1594596863116064,remain,1,2,22
-0.12868639270125765,-0.6501950065730445,-0.1596290248950299,remain,1,2,23
-0.11557155480102042,-0.6516939128451101,-0.1582081068298795,remain,1,2,24
-0.1023043890623194,-0.651785468553985,-0.1579934531486397,remain,1,2,25
-0.08903302065528312,-0.6516960906209297,-0.1573896853164316,remain,1,2,26
-0.0758419941801667,-0.6504387201096806,-0.1581771428938699,remain,1,2,27
-0.06258843027119791,-0.6489725009956686,-0.15900769755674746,remain,1,2,28
-0.04970098738392528,-0.650438368665983,-0.1567102088440799,remain,1,2,29
-0.03640301931841012,-0.6497439206220317,-0.15738035435081954,remain,1,2,30
-0.023132193579950847,-0.6499431323085602,-0.1572830725748053,remain,1,2,31
-0.00987712394807762,-0.6504944936873575,-0.15698187504460248,remain,1,2,32
0.0034012204165102043,-0.6508824560747279,-0.15685003267152847,remain,1,2,33
0.016681222085510605,-0.6511379412020689,-0.15698460169321868,remain,1,2,34
0.029918247112935562,-0.6514652107329999,-0.1567248114379654,remain,1,2,35
0.0432458113915321,-0.6509253849146525,-0.15748486303722598,remain,1,2,36
0.05598895477859327,-0.6528644046681372,-0.1546919902967728,remain,1,2,37
0.06909717108048599,-0.6537979475017203,-0.1532120272169533,remain,1,2,38
0.08225350730424205,-0.6529264533046119,-0.15494146264383946,remain,1,2,39
0.09541644778518568,-0.6519486903651722,-0.15639070368446897,remain,1,2,40
0.10865321929308222,-0.6512737421909218,-0.15733699199537463,remain,1,2,41
0.12193005584364174,-0.6507390245307877,-0.1572474978919085,remain,1,2,42
0.13486365111361986,-0.6503933930011033,-0.15592021259199482,remain,1,2,43
0.14074889863628387,-0.6426000280518285,-0.15266734845198243,remain,1,2,44
0.14056340911426465,-0.62835909885316,-0.1482462122290739,remain,1,2,45
0.13717813739881018,-0.6108440169036464,-0.14374000196225778,remain,1,2,46
0.13346403834116882,-0.5932281937018372,-0.14023191569052273,remain,1,2,47
0.13229206679258848,-0.5786850407462808,-0.13880515145285727,remain,1,2,48
0.13653317760431743,-0.5703879695355266,-0.14054290728825006,remain,1,2,49
0.14774221923077724,-0.5698067194754347,-0.146220109375839,remain,1,2,50
0.16136385539642445,-0.570683384036302,-0.15484528162935343,remain,1,2,51
0.17490128476544173,-0.5706518776115368,-0.16364728909215281,remain,1,2,52
0.18759584591889714,-0.5701034334355499,-0.16932698175958033,remain,1,2,53
0.1986943929817823,-0.5694380335321565,-0.16858353568920978,remain,1,2,54
0.20791621910102898,-0.5690841690532137,-0.15978601676933774,remain,1,2,55
0.21718909504749828,-0.5688601851078651,-0.15030414599496167,remain,1,2,56
0.22640971295013243,-0.5686844619450977,-0.14075459149515274,remain,1,2,57
0.23543130153026273,-0.5688648753761085,-0.13100524483280296,remain,1,2,58
0.244232565862285,-0.568676653534631,-0.12106106058022108,remain,1,2,59
0.24195841100761925,-0.6151503422133153,-0.1213877060778002,remain,1,3,0
0.23465572415060593,-0.6169495334280217,-0.12935511079957435,remain,1,3,1
0.22674600857948687,-0.6193259168829998,-0.13653620502093458,remain,1,3,2
0.21772171976520327,-0.6220493565763123,-0.14209325301542186,remain,1,3,3
0.20789759472593772,-0.6250743524322389,-0.14578529287006728,remain,1,3,4
0.19701035249749843,-0.6277013177528137,-0.1480918850949334,remain,1,3,5
0.18944106667411714,-0.6345147800106309,-0.14741805188353627,remain,1,3,6
0.18495944173660012,-0.6448407633819169,-0.1443355036794857,remain,1,3,7
0.1774203162244127,-0.6512621505124009,-0.1421585359349155,remain,1,3,8
0.166376832054581,-0.65335604211861,-0.1408260140638845,remain,1,3,9
0.15604396374915286,-0.655972483785487,-0.13865557651253335,remain,1,3,10
0.14510862627712323,-0.6569354078327888,-0.138421827340622,remain,1,3,11
0.13420784931988736,-0.6576980812747442,-0.138924665797571,remain,1,3,12
0.12328084280302484,-0.6581515261510862,-0.13962330427277458,remain,1,3,13
0.11234722733167272,-0.6583353403598241,-0.1403360303186961,remain,1,3,14
0.10141514115040494,-0.6582739049339614,-0.14073387187679992,remain,1,3,15
0.09049058964528829,-0.6585501391001657,-0.1398766400844904,remain,1,3,16
0.07955795428499916,-0.6586367499533312,-0.13922612913230306,remain,1,3,17
0.06862554587974895,-0.6588244043577849,-0.13858757499320962,remain,1,3,18
0.05768862330700499,-0.6585619828413015,-0.1391043820314889,remain,1,3,19
0.04677593391243266,-0.6581944374261512,-0.1400304831994946,remain,1,3,20
0.03583019698046676,-0.6580966169728351,-0.14030423030938388,remain,1,3,21
0.02487420714208742,-0.6580628623775628,-0.14028158952369096,remain,1,3,22
0.013921980012699998,-0.6578882319805767,-0.1403691263411395,remain,1,3,23
0.002968516024349035,-0.6577154650999008,-0.14025928621071465,remain,1,3,24
-0.007968895852321661,-0.657212981105788,-0.14055313801871977,remain,1,3,25
-0.018913977185892897,-0.6568319197380115,-0.14079123868446367,remain,1,3,26
-0.029858106482711536,-0.6564298813529674,-0.14103560655611128,remain,1,3,27
-0.040799210990561316,-0.6560471052644169,-0.14145764171469463,remain,1,3,28
-0.051745925286620455,-0.656148142258182,-0.1416060756033179,remain,1,3,29
-0.0626917822184683,-0.6566398042014373,-0.14158000658414138,remain,1,3,30
-0.07361318706485076,-0.6573785188729854,-0.14133344708853038,remain,1,3,31
-0.0845093372394676,-0.6583897980911203,-0.1407850855533499,remain,1,3,32
-0.0954390093436509,-0.6590467456093109,-0.14050701594524023,remain,1,3,33
-0.10639253131627072,-0.6592679495619421,-0.14057264504108657,remain,1,3,34
-0.11732985140857041,-0.6590677417694841,-0.14113676092029867,remain,1,3,35
-0.1282647730301757,-0.658560663594869,-0.14150574621072914,remain,1,3,36
-0.13920384202913189,-0.657967319223701,-0.14160222345213327,remain,1,3,37
-0.15014201651176579,-0.6574529978629262,-0.14133224935007935,remain,1,3,38
-0.1610813635256971,-0.657255661495591,-0.14078648552846315,remain,1,3,39
-0.1720226955957548,-0.6568532087896728,-0.1404478316017344,remain,1,3,40
-0.18297201729494367,-0.6567874169819223,-0.1401576051485722,remain,1,3,41
-0.1939051576521795,-0.6568642939398528,-0.1395349953558852,remain,1,3,42
-0.2048612932577493,-0.6567576188783067,-0.13967095101245935,remain,1,3,43
-0.21580984863218075,-0.6564916103755725,-0.13990865017638943,remain,1,3,44
-0.22672395915565954,-0.6559219167815672,-0.14060144166541821,remain,1,3,45
-0.2376868501285928,-0.6557588763688149,-0.14097491848356955,remain,1,3,46
-0.24855464016668707,-0.6557480274390538,-0.14093242591973498,remain,1,3,47
-0.2597785654005174,-0.6551769342211067,-0.14225783033147954,remain,1,3,48
-0.2662507250483479,-0.6483785815190523,-0.14401747105722004,remain,1,3,49
-0.26866344258333325,-0.6365165204325162,-0.1453298202445419,remain,1,3,50
-0.27230630795981114,-0.6257183830638604,-0.14607147717623106,remain,1,3,51
-0.28149829207077576,-0.6211799856508144,-0.1461890806987035,remain,1,3,52
-0.2933557287203578,-0.6211124540764481,-0.14605804687770998,remain,1,3,53
-0.30424609309890394,-0.6215290160529741,-0.14479139747726322,remain,1,3,54
-0.3135813428866696,-0.6198341411736904,-0.139982812528686,remain,1,3,55
-0.3219140860254648,-0.6181278954222399,-0.13301902398828427,remain,1,3,56
-0.32989644196741624,-0.6174257849530483,-0.12555202756687506,remain,1,3,57
-0.33808501622254905,-0.6166364744672979,-0.11831929591378973,remain,1,3,58
-0.3737758804331641,-0.4450586117445641,-0.07578213456647906,remain,2,0,0
-0.36656251250502203,-0.44262654491119013,-0.08255170189729935,remain,2,0,1
-0.3590047624653717,-0.43893402378703583,-0.08830941741666974,remain,2,0,2
-0.35087529554461133,-0.4346144433091941,-0.09267583630735139,remain,2,0,3
-0.34222657854277805,-0.4302972031142963,-0.09597731629904623,remain,2,0,4
-0.3327650682782737,-0.4278517131052879,-0.09894681800716654,remain,2,0,5
-0.3231241077597207,-0.4252215908013081,-0.10048754064561442,remain,2,0,6
-0.3136766542445322,-0.42128330356923377,-0.10030436640652934,remain,2,0,7
-0.30369659618767464,-0.4192685504011476,-0.10037493876992033,remain,2,0,8
-0.29360983588897704,-0.41780432915631477,-0.09981405829313374,remain,2,0,9
-0.2835419579726183,-0.4166137635161871,-0.09880344286055717,remain,2,0,10
-0.27336323682199437,-0.41624892670344604,-0.09827137642133772,remain,2,0,11
-0.2631861419961942,-0.4157422940602217,-0.0979158498092204,remain,2,0,12
-0.2530017433495728,-0.4154276720184454,-0.09803829460216554,remain,2,0,13
-0.24280887170537058,-0.41527863420789496,-0.09831026313254916,remain,2,0,14
-0.23261864916060251,-0.4149863460274804,-0.09823522709936716,remain,2,0,15
-0.22242943805074702,-0.41468925931754647,-0.09802347216152434,remain,2,0,16
-0.2122335742494499,-0.41457124067869344,-0.097941439987065,remain,2,0,17
-0.2020563573358152,-0.41424071757794106,-0.09742033941217043,remain,2,0,18
-0.1918728329596766,-0.4141594581337248,-0.09747831919970162,remain,2,0,19
-0.18171491414206054,-0.4149096925162769,-0.09812106183290133,remain,2,0,20
-0.17153929601627935,-0.4152777445825865,-0.09819061931589419,remain,2,0,21
-0.16134171195364017,-0.41543323337711296,-0.09807252356414814,remain,2,0,22
-0.15115642694877152,-0.41577815378917665,-0.09787548491033231,remain,2,0,23
-0.14096479286981564,-0.41620156114951834,-0.09775681812760768,remain,2,0,24
-0.13079510098641897,-0.41600328166006184,-0.09719377241629523,remain,2,0,25
-0.12061361808787023,-0.4160576102665183,-0.09680221553852195,remain,2,0,26
-0.11041734094633962,-0.41618092746123075,-0.09675759113532192,remain,2,0,27
-0.10022273837463967,-0.41624011446739406,-0.09674035978451181,remain,2,0,28
-0.09002671714383388,-0.4162870106015789,-0.09658828557481836,remain,2,0,29
-0.07984169236359957,-0.4166245290822238,-0.09683802138664288,remain,2,0,30
-0.06964815314821711,-0.4167722549090972,-0.09694357235939222,remain,2,0,31
-0.05946471584173248,-0.41705332265030093,-0.09737614505346083,remain,2,0,32
-0.049276813936330315,-0.41687429871644194,-0.09714788563370923,remain,2,0,33
-0.03909894553407012,-0.4166218031442173,-0.09656711313380918,remain,2,0,34
-0.028960168830704524,-0.41612804824914557,-0.09557793433391136,remain,2,0,35
-0.01877557531965808,-0.41618532577305634,-0.09528743508086183,remain,2,0,36
-0.008583369375496933,-0.41620840498826756,-0.09491364005963082,remain,2,0,37
0.001583480907971123,-0.4168766282577412,-0.09523742311073904,remain,2,0,38
0.011771145233647518,-0.4167839917971511,-0.0949997334390923,remain,2,0,39
0.02195891726695233,-0.4165362967346573,-0.09462834469314917,remain,2,0,40
0.03214813340738304,-0.4168508606413625,-0.094761059734628,remain,2,0,41
0.04234016769638407,-0.4166319642513844,-0.09458926303671603,remain,2,0,42
0.05252294100498506,-0.41616314001896576,-0.09441201163504055,remain,2,0,43
0.06271540360117821,-0.41601303433269987,-0.09421149238016432,remain,2,0,44
0.07290955321308229,-0.41593460242708064,-0.09431651230509913,remain,2,0,45
0.08309572878210142,-0.4154762980069281,-0.0941633256569042,remain,2,0,46
0.09327834930375233,-0.41524873357781145,-0.09402770404852143,remain,2,0,47
0.1034461453351672,-0.4153984817050224,-0.09473459760582033,remain,2,0,48
0.11363925631009289,-0.41508280784665386,-0.09448103176909292,remain,2,0,49
0.12382894290225167,-0.41490103731066863,-0.09424839437165698,remain,2,0,50
0.1340099465172357,-0.4147676766064651,-0.09374324126648513,remain,2,0,51
0.14420101314329822,-0.4150647833147931,-0.09361528741552827,remain,2,0,52
0.1543867630368537,-0.41517601925567893,-0.0931859905197486,remain,2,0,53
0.1645667420163419,-0.41558839398239233,-0.09279020220043825,remain,2,0,54
0.17474444181217852,-0.4161281615777978,-0.0925698552783479,remain,2,0,55
0.18489183733027845,-0.41710253414458665,-0.09278743417287007,remain,2,0,56
0.1950455276375888,-0.4180233005491604,-0.09281870147915702,remain,2,0,57
0.20517864178748377,-0.41905002270419117,-0.09235726942588779,remain,2,0,58
0.21528691083263743,-0.42035840027115823,-0.09211394377549585,remain,2,0,59
0.22532867749511387,-0.4221259773345349,-0.0920226081377302,remain,2,0,60
0.2352277268849416,-0.4244172896597205,-0.09119684833652318,remain,2,0,61
0.24486498695661368,-0.4275090497296559,-0.08993071424666632,remain,2,0,62
0.2540279991174396,-0.43148577539943184,-0.0878628278719834,remain,2,0,63
0.26222468278038313,-0.4363526057532961,-0.08426971671706109,remain,2,0,64
0.26970135759859765,-0.44071464307126984,-0.0789099611953069,remain,2,0,65
0.27706227898038643,-0.4794086469041969,-0.0795488143400695,remain,2,1,0
0.2705430171486008,-0.4792087527514368,-0.08962079318502289,remain,2,1,1
0.2637964590829154,-0.4784691736338385,-0.09949315097042256,remain,2,1,2
0.2548633723745898,-0.4765124253166605,-0.10754639768272722,remain,2,1,3
0.24334478036708365,-0.47582374720472753,-0.11186260307697463,remain,2,1,4
0.2306469602291777,-0.4774554359775577,-0.10925077704452779,remain,2,1,5
0.21861988589934064,-0.4801486583273472,-0.10201668504597926,remain,2,1,6
0.20950488217972488,-0.48044502287725094,-0.09807500698888738,remain,2,1,7
0.20506053300325733,-0.4753602669138198,-0.10364660115505801,remain,2,1,8
0.20404629065353563,-0.4653297392737912,-0.11332304599212199,remain,2,1,9
0.20410641579857672,-0.4521049265281578,-0.11768410142647032,remain,2,1,10
0.20284539428439005,-0.43856357619304337,-0.11472704896094121,remain,2,1,11
0.1978286719355832,-0.42874045096010444,-0.1100908425749622,remain,2,1,12
0.18716162118189122,-0.4259603296003332,-0.10908747103133848,remain,2,1,13
0.17500668709020717,-0.42495424594309755,-0.10919992028258177,remain,2,1,14
0.16314650121195243,-0.42340609772912047,-0.10865239425878279,remain,2,1,15
0.15117915602519774,-0.42338566004215217,-0.10952373443778333,remain,2,1,16
0.13940603884793626,-0.42479175569286987,-0.11138719236225973,remain,2,1,17
0.1274094215554873,-0.4244217702854621,-0.11144348097447335,remain,2,1,18
0.11547727923205038,-0.42368978123853135,-0.11065144451540537,remain,2,1,19
0.10347980399347992,-0.4242368585050884,-0.1110848429645486,remain,2,1,20
0.09148575130155805,-0.42423316431011365,-0.11079640516067134,remain,2,1,21
0.0794964454914786,-0.4245100036762976,-0.11084139827691611,remain,2,1,22
0.06750517400525304,-0.4243897956586719,-0.1103751568195113,remain,2,1,23
0.05557013892314954,-0.42535837103330526,-0.11103750203692274,remain,2,1,24
0.04357229503748835,-0.42551221539929485,-0.1109773692675421,remain,2,1,25
0.031593310424455595,-0.4258006955467526,-0.11125327682602813,remain,2,1,26
0.019616939951107568,-0.42608941156453606,-0.11165041095516201,remain,2,1,27
0.007627934992238277,-0.42649656735325125,-0.11203835610139254,remain,2,1,28
-0.0043664921889471145,-0.4262054498167889,-0.11205854084404139,remain,2,1,29
-0.016387273233652525,-0.4256101243744009,-0.11191673868747416,remain,2,1,30
-0.028214040472753523,-0.4265288283962023,-0.11299385605318807,remain,2,1,31
-0.03996900868064219,-0.428406690355489,-0.11468520234095624,remain,2,1,32
-0.05194060638934058,-0.4288230861618306,-0.11532576546707204,remain,2,1,33
-0.06394398094140329,-0.42888210248943354,-0.1154126485057484,remain,2,1,34
-0.07591698042567555,-0.428662191359175,-0.11526924227986718,remain,2,1,35
-0.08780820956340579,-0.4272141839795275,-0.11425487736132096,remain,2,1,36
-0.09980728162225874,-0.427443651115591,-0.11461087552972651,remain,2,1,37
-0.11170542462057995,-0.42637138235843336,-0.1138325177233509,remain,2,1,38
-0.12370364103569528,-0.42604169797831576,-0.11386909321874744,remain,2,1,39
-0.13560204255979744,-0.4267754309486254,-0.11484847001551389,remain,2,1,40
-0.14740639712695736,-0.4276991783337836,-0.11601380428108717,remain,2,1,41
-0.15940650222314082,-0.4277782110419584,-0.11644601612687082,remain,2,1,42
-0.17135895214541358,-0.42855840666988865,-0.11741225841620842,remain,2,1,43
-0.18331354435579664,-0.42764788580133145,-0.11703486757520569,remain,2,1,44
-0.1952822123105427,-0.42690245130459264,-0.11666392985812246,remain,2,1,45
-0.20720454523022663,-0.4258297047840476,-0.11593793691309436,remain,2,1,46
-0.2191820865228947,-0.42649477155522353,-0.1163148808008689,remain,2,1,47
-0.23114328431879053,-0.42764540421898745,-0.11707776663720858,remain,2,1,48
-0.2430160825197269,-0.4267059742559806,-0.11613459488697962,remain,2,1,49
-0.25496869797182886,-0.42657940729012306,-0.11568323361498967,remain,2,1,50
-0.26693651204692137,-0.42745056664002323,-0.11609048651863868,remain,2,1,51
-0.2789539179480093,-0.4283690328889045,-0.11682448833165462,remain,2,1,52
-0.28851688872332665,-0.4341943240714314,-0.1185593304898479,remain,2,1,53
-0.2922295909456406,-0.4452392421793311,-0.11556337182763658,remain,2,1,54
-0.29248951202475726,-0.45875408966439885,-0.10983095159450425,remain,2,1,55
-0.29219814076299744,-0.47177775620352225,-0.10408782318361609,remain,2,1,56
-0.29425696596268197,-0.4813491314735887,-0.10105973998813736,remain,2,1,57
-0.3011831278802088,-0.48495402670693943,-0.10301265514783006,remain,2,1,58
-0.31234246865945403,-0.4837425913234483,-0.1084425903533649,remain,2,1,59
-0.32555694487070885,-0.4806602091709814,-0.11399860056302762,remain,2,1,60
-0.3386379247815278,-0.4786645762052,-0.11631707383592371,remain,2,1,61
-0.3494507243834223,-0.48039212000172804,-0.1122354348352582,remain,2,1,62
-0.3571842423478085,-0.48186773474384276,-0.10310013454802347,remain,2,1,63
-0.364132031289025,-0.4830385982792456,-0.09339322936742112,remain,2,1,64
-0.3711540017574883,-0.4835818329076469,-0.08367582190504558,remain,2,1,65
-0.37894023989158143,-0.4839426726576656,-0.07455052515227746,remain,2,1,66
-0.37933854961155516,-0.5239181886015973,-0.07444548353984982,remain,2,2,0
-0.3705600584015881,-0.5241096601876581,-0.08454545861849765,remain,2,2,1
-0.36242559362008253,-0.5247087079599254,-0.09516315681920047,remain,2,2,2
-0.35456084163229346,-0.5251611643530737,-0.10598882965673048,remain,2,2,3
-0.34706371650333917,-0.5256186838708039,-0.11707290021407218,remain,2,2,4
-0.33905930284092983,-0.5263392249247236,-0.12781881093796543,remain,2,2,5
-0.33060843504109505,-0.5267353951881265,-0.13543750923908562,remain,2,2,6
-0.3199373128514393,-0.5268361942452402,-0.13417144213441348,remain,2,2,7
-0.30755305951881795,-0.5266405443261043,-0.1269575327235894,remain,2,2,8
-0.29404550740885693,-0.5261384413813898,-0.11696970821201551,remain,2,2,9
-0.28000448888718177,-0.5253198813617674,-0.10738189580509386,remain,2,2,10
-0.26601983631941817,-0.5241748602179086,-0.10136802270822659,remain,2,2,11
-0.2526872482353425,-0.5226865847066843,-0.10209016464166565,remain,2,2,12
-0.24242041458382074,-0.5187298386934462,-0.10900161232878047,remain,2,2,13
-0.23870750942557162,-0.508533656903269,-0.116086191020162,remain,2,2,14
-0.23958307286961797,-0.4939181294475493,-0.12243487687652219,remain,2,2,15
-0.24244524754636473,-0.47736492982567935,-0.12780965552242055,remain,2,2,16
-0.2446921760862168,-0.4613557315370509,-0.13197251258241655,remain,2,2,17
-0.2437220011195791,-0.4483722080810558,-0.13468543368106978,remain,2,2,18
-0.23693286527685634,-0.4408960329570859,-0.13571040444293966,remain,2,2,19
-0.22379346105104653,-0.43947643328839736,-0.13519165580897222,remain,2,2,20
-0.21060043476011314,-0.4374158659374621,-0.13401404069489697,remain,2,2,21
-0.19755385557388075,-0.4380784641013585,-0.13437981861995066,remain,2,2,22
-0.18482049571870168,-0.44211396213016224,-0.13671258533722197,remain,2,2,23
-0.17153717216983022,-0.4419640070512293,-0.13630307059896082,remain,2,2,24
-0.15860441088717409,-0.4392798391019777,-0.13427074633816938,remain,2,2,25
-0.14524636169564034,-0.43846500291089474,-0.13336127678523277,remain,2,2,26
-0.13195371578259282,-0.4373471633679047,-0.1322260421667604,remain,2,2,27
-0.11855946562104089,-0.4369462741615391,-0.13156163801085052,remain,2,2,28
-0.10535129000856076,-0.4381082188785681,-0.1321072031498263,remain,2,2,29
-0.09201460641129543,-0.4385944169718504,-0.13224788978254345,remain,2,2,30
-0.07888693171804259,-0.4407583704820393,-0.13365504292471994,remain,2,2,31
-0.06551605578092728,-0.44011294554445,-0.13313561956498285,remain,2,2,32
-0.05215675574668325,-0.4395213672823089,-0.1325861955507277,remain,2,2,33
-0.03895764224807723,-0.43761617455404056,-0.13108539002626643,remain,2,2,34
-0.02564449996076213,-0.43761947791675676,-0.13089406726910977,remain,2,2,35
-0.012403159990232124,-0.4369632751423703,-0.13011822753611488,remain,2,2,36
0.0007679202826874865,-0.4354033225014339,-0.12855304577992852,remain,2,2,37
0.014096304779306684,-0.4360699069558507,-0.128922499211995,remain,2,2,38
0.02739454044332071,-0.4346931016840122,-0.1277419759417685,remain,2,2,39
0.04077097951977993,-0.4345720098161988,-0.12758017868106233,remain,2,2,40
0.05405186643167296,-0.43510740767829775,-0.1281933234170525,remain,2,2,41
0.0673218469512677,-0.43384007506653394,-0.1274241980829107,remain,2,2,42
0.08065784807832338,-0.434189293900409,-0.12804422014633285,remain,2,2,43
0.09396349385253637,-0.4342879931410834,-0.1283943343802152,remain,2,2,44
0.10735459941979782,-0.4341249552932198,-0.12850171560479767,remain,2,2,45
0.12075209255219076,-0.4339944953101024,-0.12841295856297633,remain,2,2,46
0.1340555994375083,-0.4336306229648777,-0.12787124071716952,remain,2,2,47
0.14776733781007872,-0.43267206526549923,-0.12713507591072415,remain,2,2,48
0.1575339374108115,-0.4356801457167945,-0.12425232703326707,remain,2,2,49
0.16065115220508688,-0.44649416835335864,-0.11915556255069026,remain,2,2,50
0.1594000245089923,-0.4623619006760547,-0.1129905550197651,remain,2,2,51
0.1561442668267851,-0.48042081758363786,-0.10692222342153837,remain,2,2,52
0.15324759166272237,-0.49780839397486276,-0.10211548673705675,remain,2,2,53
0.15307371152106145,-0.5116621047484842,-0.0997352639473671,remain,2,2,54
0.15798633890605962,-0.5191194248032573,-0.1009464740335162,remain,2,2,55
0.1693241598638264,-0.5189954597260468,-0.10638892978423511,remain,2,2,56
0.18347215099382938,-0.5179608250349844,-0.1140670720455426,remain,2,2,57
0.19819910161539697,-0.5185225152272324,-0.12195864574758881,remain,2,2,58
0.21270203390170933,-0.5199847517621793,-0.12843786215649805,remain,2,2,59
0.2261852293831345,-0.5216354801887665,-0.13188094884139792,remain,2,2,60
0.23785296959004038,-0.5227626460559357,-0.13066413337141597,remain,2,2,61
0.24691409737518588,-0.5226580175706418,-0.12317517754793111,remain,2,2,62
0.25423365952814014,-0.5217628065213971,-0.1119499877243998,remain,2,2,63
0.2615035262368738,-0.521265252335244,-0.10071718955600534,remain,2,2,64
0.2687413912857138,-0.5206466997373661,-0.08947821375768222,remain,2,2,65
0.27613567126202393,-0.5194564588324664,-0.07837872432753488,remain,2,2,66
0.27532368470514307,-0.5596747714658263,-0.07807364714494258,remain,2,3,0
0.26803528888468253,-0.5606187381212254,-0.08976959700132336,remain,2,3,1
0.26067211380297906,-0.5608801676133396,-0.10145116006243768,remain,2,3,2
0.2530807157509984,-0.5611798606615875,-0.11297688568478219,remain,2,3,3
0.245305229768651,-0.56160959689779,-0.12436888452640989,remain,2,3,4
0.23649410430556422,-0.5617481856869051,-0.13263300205436115,remain,2,3,5
0.22434926567748537,-0.5608675253719829,-0.13136935131394256,remain,2,3,6
0.21005625305204115,-0.5595737086922212,-0.12401614649612909,remain,2,3,7
0.1948399570599619,-0.5585504081985141,-0.11431230536288323,remain,2,3,8
0.17992526833197825,-0.5584812964417566,-0.1059967456761675,remain,2,3,9
0.16653707749882043,-0.5600500459728429,-0.1028083851979443,remain,2,3,10
0.15591431883918636,-0.563970513321146,-0.1082583174334405,remain,2,3,11
0.14976155568109786,-0.572018448415884,-0.1175166236915478,remain,2,3,12
0.14851648844535745,-0.5850831082756589,-0.12264951670429369,remain,2,3,13
0.15042077032512322,-0.6014470336588773,-0.12412654269856656,remain,2,3,14
0.15359217717913737,-0.6192433506886299,-0.12292182607100977,remain,2,3,15
0.15614848486614202,-0.6366051854880078,-0.12000949121826666,remain,2,3,16
0.1562074692448794,-0.6516656641801021,-0.11636366253698069,remain,2,3,17
0.15188690617409162,-0.6625579128880035,-0.11295846442379517,remain,2,3,18
0.14135074696436054,-0.6674430529494926,-0.11078458193779425,remain,2,3,19
0.12755051461563355,-0.667542248385802,-0.11219514862695253,remain,2,3,20
0.11405775818535652,-0.6666576724299282,-0.11515997300653232,remain,2,3,21
0.10032660563912701,-0.6674191785167285,-0.11458554684762345,remain,2,3,22
0.08666132038438859,-0.6684432775198881,-0.11261600368620864,remain,2,3,23
0.07297078446861371,-0.6690864177250594,-0.11082486022249388,remain,2,3,24
0.059338495865427845,-0.6685887288837026,-0.11145728494002029,remain,2,3,25
0.04561673854866851,-0.6679516862829902,-0.1128206785660387,remain,2,3,26
0.03193289592541105,-0.6677420360124574,-0.11377873105053517,remain,2,3,27
0.018217995984576362,-0.6688077110197314,-0.11228663441876847,remain,2,3,28
0.004478684127785272,-0.6694110777196433,-0.11210751775298705,remain,2,3,29
-0.00910216861247714,-0.6687560447908608,-0.11453983252503736,remain,2,3,30
-0.022191669013669774,-0.6669008815149764,-0.11856549029315223,remain,2,3,31
-0.03554728352386267,-0.6651526716093189,-0.12173956130892025,remain,2,3,32
-0.04927021765015097,-0.6647352744381446,-0.12273329064901461,remain,2,3,33
-0.06275992105990405,-0.6665644712077256,-0.12034671939891405,remain,2,3,34
-0.0763323734908563,-0.6677770356629438,-0.11811854808801825,remain,2,3,35
-0.0895041800583052,-0.6697188038226582,-0.1143811879655065,remain,2,3,36
-0.10280974825482356,-0.6711815688847954,-0.11100036722160762,remain,2,3,37
-0.11599671687636821,-0.6724666050157999,-0.10708324245612681,remain,2,3,38
-0.12971516194258423,-0.6719778372416773,-0.10692420870982548,remain,2,3,39
-0.14322700580309766,-0.6705674257534061,-0.10922420213096112,remain,2,3,40
-0.15700197780134725,-0.6697158612697198,-0.11015913743752449,remain,2,3,41
-0.17024911708163773,-0.6678400887291843,-0.11320186094601313,remain,2,3,42
-0.1841153683776739,-0.6676763127277934,-0.11279172867944944,remain,2,3,43
-0.19779449895660745,-0.668273024655945,-0.11122866475908265,remain,2,3,44
-0.2115912395830316,-0.6685942223204336,-0.1106697976164607,remain,2,3,45
-0.22550958421635947,-0.6688358023355545,-0.11067336604634864,remain,2,3,46
-0.23729852707481824,-0.6661954649543111,-0.11268306801057096,remain,2,3,47
-0.24332190775805493,-0.6568057090191658,-0.11584516673445004,remain,2,3,48
-0.24506876587591483,-0.6424696759601684,-0.1192614995973362,remain,2,3,49
-0.2442246731978752,-0.62521298116659,-0.12203329702950255,remain,2,3,50
-0.24247520149341317,-0.6070612400277018,-0.12326178946122211,remain,2,3,51
-0.2415059225320058,-0.5900400679327747,-0.12204820732276792,remain,2,3,52
-0.2430024080831306,-0.5761750802710801,-0.11749378104441308,remain,2,3,53
-0.24862998881895007,-0.5674579551310374,-0.1087894938741376,remain,2,3,54
-0.2586603801281101,-0.5635566336200214,-0.10121502639502147,remain,2,3,55
-0.27149141122342874,-0.5617938836727521,-0.10273626316365919,remain,2,3,56
-0.28595425307682676,-0.5614680943751245,-0.11058178336738768,remain,2,3,57
-0.30093632472742954,-0.5620810857042176,-0.1209605711128568,remain,2,3,58
-0.31532504521436266,-0.5631346776371099,-0.1300816105067164,remain,2,3,59
-0.32800783357675134,-0.5641306901508798,-0.13415388565561637,remain,2,3,60
-0.3378722467895564,-0.5645709791816865,-0.12938684972752917,remain,2,3,61
-0.3456755907891874,-0.564499231790763,-0.1179529550908265,remain,2,3,62
-0.35339366534523,-0.564310205084139,-0.10649287059590944,remain,2,3,63
-0.3610398090495357,-0.5643280864070627,-0.0949919046159048,remain,2,3,64
-0.3693774145971813,-0.5643151247862829,-0.08398414733036128,remain,2,3,65
-0.37853533064808087,-0.5638902601289278,-0.07365605638346957,remain,2,3,66
-0.37609323253998184,-0.6043515605275445,-0.0753442432325313,remain,2,4,0
-0.3681782224866815,-0.6044314018549586,-0.08521841852780988,remain,2,4,1
-0.3604710603580851,-0.6048438181473319,-0.0952480434249601,remain,2,4,2
-0.35258390398411743,-0.6063866254472382,-0.10498959989136153,remain,2,4,3
-0.3429804275219623,-0.6068689282531994,-0.11304505359910567,remain,2,4,4
-0.3307285051517906,-0.6071515547753256,-0.1163402694201616,remain,2,4,5
-0.31722387406618197,-0.6065383179435644,-0.11460177110850317,remain,2,4,6
-0.3040916704000225,-0.6041746567309051,-0.10806317437329899,remain,2,4,7
-0.29339174206696045,-0.6024566352674413,-0.09967839227378648,remain,2,4,8
-0.2874723706021841,-0.6061178418049114,-0.09435495489898846,remain,2,4,9
-0.2867727784376165,-0.6169447746865822,-0.09437436127167728,remain,2,4,10
-0.2887135682668284,-0.6319952575494561,-0.09780927567667959,remain,2,4,11
-0.29044996222533986,-0.6479113947809584,-0.10236234463960973,remain,2,4,12
-0.28913718244867104,-0.6613352907685144,-0.10573621468608221,remain,2,4,13
-0.2819430126991655,-0.6689213365035755,-0.10564506360861725,remain,2,4,14
-0.2693487258982551,-0.6705653482459486,-0.10284358024443074,remain,2,4,15
-0.256838926428474,-0.6714324261945664,-0.10175522177255018,remain,2,4,16
-0.24421106746488727,-0.6718276396426194,-0.10068751438964758,remain,2,4,17
-0.23157105727809804,-0.6718733153485279,-0.10016367310856157,remain,2,4,18
-0.21892830387266476,-0.6718835648378494,-0.09955357101988851,remain,2,4,19
-0.20627516028567225,-0.67170413106724,-0.09966303574289996,remain,2,4,20
-0.19368709659540462,-0.6713117392031811,-0.10088502643774079,remain,2,4,21
-0.1811173121382246,-0.6708355203408803,-0.10222496225420603,remain,2,4,22
-0.16848982896753628,-0.6711552378025761,-0.10241735220590298,remain,2,4,23
-0.1561087455820355,-0.6725212278188349,-0.10005643105244877,remain,2,4,24
-0.14358202987719473,-0.6734631800821732,-0.09861243829593717,remain,2,4,25
-0.13102063548748172,-0.6743196613786373,-0.09731874282837591,remain,2,4,26
-0.11838775043518682,-0.6749071818489414,-0.09704894785931041,remain,2,4,27
-0.10585618860480568,-0.6747432099153087,-0.09877201331887411,remain,2,4,28
-0.09342322725709339,-0.6741557360331027,-0.1010703461142125,remain,2,4,29
-0.08114940583568456,-0.6729969385571564,-0.10399338428482431,remain,2,4,30
-0.06861298530421565,-0.6724804199674764,-0.10541320916948366,remain,2,4,31
-0.05612791006029325,-0.6714760601574855,-0.10720488728377987,remain,2,4,32
-0.04348524911715666,-0.6711586457635721,-0.10756196502562014,remain,2,4,33
-0.030787342116401193,-0.6707903555115109,-0.10759968885214925,remain,2,4,34
-0.018452206281520455,-0.6715165279450975,-0.1056124721374218,remain,2,4,35
-0.006291247624397595,-0.6726887508116354,-0.10234348998929484,remain,2,4,36
0.00623949091546727,-0.6728373688698841,-0.10048739613218724,remain,2,4,37
0.01885948499062659,-0.6722042287248227,-0.10090693702235372,remain,2,4,38
0.031428293264124316,-0.6714399863742032,-0.10211593804435641,remain,2,4,39
0.044082361360393535,-0.6711897045528877,-0.10208749085678359,remain,2,4,40
0.056710615288626955,-0.6714170584169368,-0.10127653530973224,remain,2,4,41
0.06933499701965198,-0.6717454900063667,-0.10073037933793233,remain,2,4,42
0.08198752219033456,-0.6719193935893608,-0.1011085716700925,remain,2,4,43
0.09463253236185615,-0.671890843497738,-0.10166430554042172,remain,2,4,44
0.10724754109726735,-0.6713981257611391,-0.10241998437106173,remain,2,4,45
0.11985545298773212,-0.6713299365194841,-0.10124834556263561,remain,2,4,46
0.13247416806109416,-0.6708688573409536,-0.10039091363012492,remain,2,4,47
0.14508990989291193,-0.6701378730338732,-0.09981257612200767,remain,2,4,48
0.1577316105786882,-0.6695445236221241,-0.09972732700563164,remain,2,4,49
0.17034310086415694,-0.6690669043288013,-0.09968417856770113,remain,2,4,50
0.18323313415493814,-0.6684098836649355,-0.10105204124704342,remain,2,4,51
0.19386116481301144,-0.6642152799056428,-0.10418101171019499,remain,2,4,52
0.19776455182448055,-0.6536101299766386,-0.10344994126936315,remain,2,4,53
0.19693063344855397,-0.6389079947736152,-0.09995353379877317,remain,2,4,54
0.19422185333391118,-0.6231086325221854,-0.09573214565550085,remain,2,4,55
0.19250065512923176,-0.609211801447963,-0.09282613319662199,remain,2,4,56
0.19462948248319534,-0.6002172597765612,-0.09327585277921237,remain,2,4,57
0.20268014930214673,-0.5982090701993487,-0.0983439965409734,remain,2,4,58
0.21509053398692374,-0.6010625256942026,-0.10571891395725996,remain,2,4,59
0.22925512188747987,-0.6054444770238929,-0.11206267203646542,remain,2,4,60
0.24256830814354047,-0.6080216704710537,-0.11403724905611076,remain,2,4,61
0.2525229075655605,-0.6057168562476911,-0.10849229372552348,remain,2,4,62
0.26017310426161033,-0.6025481221761514,-0.09885078477036716,remain,2,4,63
0.26740074424896104,-0.6005486470125619,-0.08868762820238683,remain,2,4,64
0.27425609389470557,-0.60005854335581,-0.07806303307044837,remain,2,4,65
0.2655993578635862,-0.6397644983416881,-0.07861122552627646,remain,2,5,0
0.25830063793337094,-0.6449009612698896,-0.0840336602028025,remain,2,5,1
0.2503250815581397,-0.6502677714324469,-0.08810114352816488,remain,2,5,2
0.24183225212866577,-0.6560597836189779,-0.08986315146220057,remain,2,5,3
0.23285159074449951,-0.6613216569149836,-0.09066104578199763,remain,2,5,4
0.22314287529238855,-0.6651578966332389,-0.09122990551330304,remain,2,5,5
0.21314275392532495,-0.6681377034884279,-0.09072275722771167,remain,2,5,6
0.20298828678332712,-0.6703373262464298,-0.08955661979910337,remain,2,5,7
0.19265439115692215,-0.6715809063198234,-0.08893373428307362,remain,2,5,8
0.182217098421029,-0.6720990100800139,-0.08880617419627475,remain,2,5,9
0.17178235900830072,-0.6723869957613652,-0.0885985010290049,remain,2,5,10
0.1613422624150955,-0.6725576758852803,-0.08878490351880819,remain,2,5,11
0.15091407467715454,-0.6729665813062667,-0.08883013855724245,remain,2,5,12
0.14049548103789705,-0.673673395266186,-0.08858128228913771,remain,2,5,13
0.1300880054600306,-0.6744779101821339,-0.08878493447652719,remain,2,5,14
0.119680829751865,-0.6753111526977815,-0.0890096809305095,remain,2,5,15
0.10925275227944636,-0.675805015872817,-0.08919621584146112,remain,2,5,16
0.09881282104709864,-0.6759055642571762,-0.08944135324557326,remain,2,5,17
0.08837830305998838,-0.6756334296276751,-0.08972885816172192,remain,2,5,18
0.07794607597189096,-0.6752036027627977,-0.0898313782605638,remain,2,5,19
0.06750580833023852,-0.6750057665284727,-0.08972927004266525,remain,2,5,20
0.05706604234797189,-0.6749144634939404,-0.08994890988187626,remain,2,5,21
0.04662693714180244,-0.675043353501109,-0.08998491396511121,remain,2,5,22
0.03618320167875695,-0.6752225219873418,-0.0900743200583777,remain,2,5,23
0.025767342186328097,-0.6755333011884985,-0.08948265972821823,remain,2,5,24
0.015334731075160106,-0.675827583012241,-0.08914601847063615,remain,2,5,25
0.004906842255517666,-0.6761409340292351,-0.08958492208457901,remain,2,5,26
-0.005482379797720446,-0.676436961236108,-0.09058135550907334,remain,2,5,27
-0.015809973996617578,-0.676539490693687,-0.09212641859103328,remain,2,5,28
-0.026191836041324596,-0.6765357101308418,-0.09324904140570132,remain,2,5,29
-0.036622082747302276,-0.676698310269216,-0.09373020595804013,remain,2,5,30
-0.0470613616664754,-0.6769274499981509,-0.0936668499365518,remain,2,5,31
-0.05749729194424638,-0.677056855201497,-0.093305795606811,remain,2,5,32
-0.0678981356840459,-0.6772369406311136,-0.09240166010729461,remain,2,5,33
-0.07828703151327737,-0.6775502136283323,-0.09139436486560978,remain,2,5,34
-0.08865965475983985,-0.6777038229371708,-0.09019968444767387,remain,2,5,35
-0.09905745426152558,-0.6776226669095111,-0.08924243327303139,remain,2,5,36
-0.1094450552559919,-0.6774212857039974,-0.08819766743346918,remain,2,5,37
-0.11985888300841979,-0.6771558016154784,-0.08747599166101531,remain,2,5,38
-0.13029715152766816,-0.6768653873646167,-0.08754027915757671,remain,2,5,39
-0.14070451134471068,-0.6764827120432754,-0.0882769234464047,remain,2,5,40
-0.15104467324765058,-0.675760524491112,-0.08951543394374294,remain,2,5,41
-0.16147691051063812,-0.6754404799420771,-0.08994303427214086,remain,2,5,42
-0.17189662657363833,-0.6750493327781536,-0.09044253050488903,remain,2,5,43
-0.18233911993948418,-0.6748488220111597,-0.0902916327580671,remain,2,5,44
-0.1927623878565894,-0.6748730818492147,-0.08971203457067158,remain,2,5,45
-0.20316488722286336,-0.6749307297950867,-0.08887631257973877,remain,2,5,46
-0.2136093635118944,-0.6750368788028033,-0.08871249202352373,remain,2,5,47
-0.22404545803206555,-0.6752196984054514,-0.08860985586526746,remain,2,5,48
-0.23448478362227237,-0.675349695637108,-0.0889110972900435,remain,2,5,49
-0.24491822080088377,-0.6754884032240079,-0.08929106128201506,remain,2,5,50
-0.2553536866911174,-0.6755416711363965,-0.08967568106176094,remain,2,5,51
-0.2657885264221565,-0.6753875963445622,-0.0899889624369267,remain,2,5,52
-0.2762292383381718,-0.6750998209940631,-0.09021046569176819,remain,2,5,53
-0.2866261586127061,-0.674488970707541,-0.09080051165067736,remain,2,5,54
-0.29699639521064475,-0.673489666034678,-0.0916322537955739,remain,2,5,55
-0.30726429140410116,-0.6719354520439836,-0.09251490738242285,remain,2,5,56
-0.3172140211361515,-0.6691057003621296,-0.09407771236288233,remain,2,5,57
-0.3269478413261813,-0.6653137140796073,-0.09481481849619831,remain,2,5,58
-0.3364625590070198,-0.6612186533156911,-0.09369516436725216,remain,2,5,59
-0.34547315490230807,-0.6564874655296729,-0.09124836318587522,remain,2,5,60
-0.3537573120100171,-0.6511778221454221,-0.0878124826510943,remain,2,5,61
-0.36153479237245245,-0.6467174261543835,-0.08244092316483058,remain,2,5,62
-0.3689964543138917,-0.6432704011173478,-0.0760203079280582,remain,2,5,63
